{
    "coco": [
        {
            "shots": 4,
            "trials": [
                89.69092256930467
            ],
            "mean": 89.69092256930467
        },
        {
            "shots": 8,
            "trials": [
                97.53525561527887
            ],
            "mean": 97.53525561527887
        },
        {
            "shots": 16,
            "trials": [
                102.3128847099373
            ],
            "mean": 102.3128847099373
        },
        {
            "shots": 32,
            "trials": [
                104.63075063809126
            ],
            "mean": 104.63075063809126
        }
    ]
}