{
    "coco": [
        {
            "shots": 4,
            "trials": [
                72.35779546741676
            ],
            "mean": 72.35779546741676
        },
        {
            "shots": 8,
            "trials": [
                70.1044946318627
            ],
            "mean": 70.1044946318627
        },
        {
            "shots": 16,
            "trials": [
                72.73675798275643
            ],
            "mean": 72.73675798275643
        },
        {
            "shots": 32,
            "trials": [
                77.76271187531152
            ],
            "mean": 77.76271187531152
        }
    ]
}