{
    "coco": [
        {
            "shots": 4,
            "trials": [
                60.19677791191863
            ],
            "mean": 60.19677791191863
        },
        {
            "shots": 8,
            "trials": [
                68.58669566512359
            ],
            "mean": 68.58669566512359
        },
        {
            "shots": 16,
            "trials": [
                72.76989329667613
            ],
            "mean": 72.76989329667613
        },
        {
            "shots": 32,
            "trials": [
                75.18108038793622
            ],
            "mean": 75.18108038793622
        }
    ]
}