{
    "coco": [
        {
            "shots": 4,
            "trials": [
                85.74684000551633
            ],
            "mean": 85.74684000551633
        },
        {
            "shots": 8,
            "trials": [
                93.43326331130902
            ],
            "mean": 93.43326331130902
        },
        {
            "shots": 16,
            "trials": [
                98.7101535076255
            ],
            "mean": 98.7101535076255
        },
        {
            "shots": 32,
            "trials": [
                103.3303798321977
            ],
            "mean": 103.3303798321977
        }
    ]
}