{
    "coco": [
        {
            "shots": 4,
            "trials": [
                69.18317975144862
            ],
            "mean": 69.18317975144862
        },
        {
            "shots": 8,
            "trials": [
                64.59503075081395
            ],
            "mean": 64.59503075081395
        },
        {
            "shots": 16,
            "trials": [
                62.73327139686842
            ],
            "mean": 62.73327139686842
        },
        {
            "shots": 32,
            "trials": [
                60.46709337510472
            ],
            "mean": 60.46709337510472
        }
    ]
}