{
    "coco": [
        {
            "shots": 4,
            "trials": [
                79.46896232822095
            ],
            "mean": 79.46896232822095
        },
        {
            "shots": 8,
            "trials": [
                81.34301927197797
            ],
            "mean": 81.34301927197797
        },
        {
            "shots": 16,
            "trials": [
                84.14146596521644
            ],
            "mean": 84.14146596521644
        },
        {
            "shots": 32,
            "trials": [
                84.86234197565197
            ],
            "mean": 84.86234197565197
        }
    ]
}