{
    "coco": [
        {
            "shots": 4,
            "trials": [
                77.88720806113896
            ],
            "mean": 77.88720806113896
        }
    ]
}