{
    "coco": [
        {
            "shots": 4,
            "trials": [
                65.98835054444655
            ],
            "mean": 65.98835054444655
        },
        {
            "shots": 8,
            "trials": [
                69.52918620290512
            ],
            "mean": 69.52918620290512
        },
        {
            "shots": 16,
            "trials": [
                71.88283736130008
            ],
            "mean": 71.88283736130008
        },
        {
            "shots": 32,
            "trials": [
                73.4963975337062
            ],
            "mean": 73.4963975337062
        }
    ]
}