{
    "coco": [
        {
            "shots": 4,
            "trials": [
                95.64478454212123
            ],
            "mean": 95.64478454212123
        },
        {
            "shots": 8,
            "trials": [
                96.62862858394327
            ],
            "mean": 96.62862858394327
        },
        {
            "shots": 16,
            "trials": [
                97.66550339559188
            ],
            "mean": 97.66550339559188
        },
        {
            "shots": 32,
            "trials": [
                98.32398672020538
            ],
            "mean": 98.32398672020538
        }
    ]
}