{
    "coco": [
        {
            "shots": 4,
            "trials": [
                84.30673940375421
            ],
            "mean": 84.30673940375421
        },
        {
            "shots": 8,
            "trials": [
                84.09695098860084
            ],
            "mean": 84.09695098860084
        },
        {
            "shots": 16,
            "trials": [
                85.34373212233902
            ],
            "mean": 85.34373212233902
        },
        {
            "shots": 32,
            "trials": [
                84.83433378611659
            ],
            "mean": 84.83433378611659
        }
    ]
}