{
    "coco": [
        {
            "shots": 4,
            "trials": [
                86.72019973620569
            ],
            "mean": 86.72019973620569
        },
        {
            "shots": 8,
            "trials": [
                93.30357309975429
            ],
            "mean": 93.30357309975429
        },
        {
            "shots": 16,
            "trials": [
                98.42481751504636
            ],
            "mean": 98.42481751504636
        },
        {
            "shots": 32,
            "trials": [
                100.85854694292038
            ],
            "mean": 100.85854694292038
        }
    ]
}