{
    "coco": [
        {
            "shots": 4,
            "trials": [
                73.64394106601361
            ],
            "mean": 73.64394106601361
        },
        {
            "shots": 8,
            "trials": [
                77.13955782776173
            ],
            "mean": 77.13955782776173
        },
        {
            "shots": 16,
            "trials": [
                82.12734472198085
            ],
            "mean": 82.12734472198085
        },
        {
            "shots": 32,
            "trials": [
                83.07534168490814
            ],
            "mean": 83.07534168490814
        }
    ]
}