{
    "coco": [
        {
            "shots": 4,
            "trials": [
                90.8492807181577
            ],
            "mean": 90.8492807181577
        },
        {
            "shots": 8,
            "trials": [
                98.2408241008221
            ],
            "mean": 98.2408241008221
        },
        {
            "shots": 16,
            "trials": [
                104.78573392024452
            ],
            "mean": 104.78573392024452
        },
        {
            "shots": 32,
            "trials": [
                107.80904466610137
            ],
            "mean": 107.80904466610137
        }
    ]
}