{
    "coco": [
        {
            "shots": 4,
            "trials": [
                75.80915977211393
            ],
            "mean": 75.80915977211393
        },
        {
            "shots": 8,
            "trials": [
                78.93595592396882
            ],
            "mean": 78.93595592396882
        },
        {
            "shots": 16,
            "trials": [
                81.97389645321648
            ],
            "mean": 81.97389645321648
        },
        {
            "shots": 32,
            "trials": [
                83.47204872267221
            ],
            "mean": 83.47204872267221
        }
    ]
}