{
    "coco": [
        {
            "shots": 4,
            "trials": [
                92.73719818644902
            ],
            "mean": 92.73719818644902
        },
        {
            "shots": 8,
            "trials": [
                99.47529786711476
            ],
            "mean": 99.47529786711476
        },
        {
            "shots": 16,
            "trials": [
                104.09799053871292
            ],
            "mean": 104.09799053871292
        },
        {
            "shots": 32,
            "trials": [
                107.52980840513271
            ],
            "mean": 107.52980840513271
        }
    ]
}