{
    "coco": [
        {
            "shots": 4,
            "trials": [
                90.74905405569038
            ],
            "mean": 90.74905405569038
        },
        {
            "shots": 8,
            "trials": [
                97.1970053285527
            ],
            "mean": 97.1970053285527
        },
        {
            "shots": 16,
            "trials": [
                101.67398549641476
            ],
            "mean": 101.67398549641476
        },
        {
            "shots": 32,
            "trials": [
                105.39280036915315
            ],
            "mean": 105.39280036915315
        }
    ]
}