{
    "coco": [
        {
            "shots": 4,
            "trials": [
                76.03886351545958
            ],
            "mean": 76.03886351545958
        },
        {
            "shots": 8,
            "trials": [
                74.66879281516583
            ],
            "mean": 74.66879281516583
        },
        {
            "shots": 16,
            "trials": [
                74.73985201378161
            ],
            "mean": 74.73985201378161
        },
        {
            "shots": 32,
            "trials": [
                73.75909699081214
            ],
            "mean": 73.75909699081214
        }
    ]
}