{
    "coco": [
        {
            "shots": 4,
            "trials": [
                74.61610526382192
            ],
            "mean": 74.61610526382192
        },
        {
            "shots": 8,
            "trials": [
                74.47472529246477
            ],
            "mean": 74.47472529246477
        },
        {
            "shots": 16,
            "trials": [
                77.80505117942815
            ],
            "mean": 77.80505117942815
        },
        {
            "shots": 32,
            "trials": [
                78.71500783812573
            ],
            "mean": 78.71500783812573
        }
    ]
}