{
    "coco": [
        {
            "shots": 4,
            "trials": [
                78.52631638364909
            ],
            "mean": 78.52631638364909
        },
        {
            "shots": 8,
            "trials": [
                82.44457790301162
            ],
            "mean": 82.44457790301162
        },
        {
            "shots": 16,
            "trials": [
                85.48239851369648
            ],
            "mean": 85.48239851369648
        },
        {
            "shots": 32,
            "trials": [
                86.53271787775826
            ],
            "mean": 86.53271787775826
        }
    ]
}