{
    "coco": [
        {
            "shots": 4,
            "trials": [
                72.9170374779012
            ],
            "mean": 72.9170374779012
        },
        {
            "shots": 8,
            "trials": [
                81.7637548025546
            ],
            "mean": 81.7637548025546
        },
        {
            "shots": 16,
            "trials": [
                89.46076046896535
            ],
            "mean": 89.46076046896535
        },
        {
            "shots": 32,
            "trials": [
                94.5143637242527
            ],
            "mean": 94.5143637242527
        }
    ]
}