{
    "coco": [
        {
            "shots": 4,
            "trials": [
                78.33814577508703
            ],
            "mean": 78.33814577508703
        },
        {
            "shots": 8,
            "trials": [
                80.94537591522419
            ],
            "mean": 80.94537591522419
        },
        {
            "shots": 16,
            "trials": [
                82.62950383553296
            ],
            "mean": 82.62950383553296
        },
        {
            "shots": 32,
            "trials": [
                82.75713574797703
            ],
            "mean": 82.75713574797703
        }
    ]
}