{
    "coco": [
        {
            "shots": 4,
            "trials": [
                92.60457563923377
            ],
            "mean": 92.60457563923377
        },
        {
            "shots": 8,
            "trials": [
                93.6934194114879
            ],
            "mean": 93.6934194114879
        },
        {
            "shots": 16,
            "trials": [
                94.64523626018126
            ],
            "mean": 94.64523626018126
        },
        {
            "shots": 32,
            "trials": [
                95.30323172564236
            ],
            "mean": 95.30323172564236
        }
    ]
}