{
    "coco": [
        {
            "shots": 4,
            "trials": [
                82.39516886535836
            ],
            "mean": 82.39516886535836
        },
        {
            "shots": 8,
            "trials": [
                85.02194618184771
            ],
            "mean": 85.02194618184771
        },
        {
            "shots": 16,
            "trials": [
                87.2285633492787
            ],
            "mean": 87.2285633492787
        },
        {
            "shots": 32,
            "trials": [
                87.08569184990193
            ],
            "mean": 87.08569184990193
        }
    ]
}