{
    "coco": [
        {
            "shots": 4,
            "trials": [
                80.32615799480004
            ],
            "mean": 80.32615799480004
        },
        {
            "shots": 8,
            "trials": [
                88.76352223505152
            ],
            "mean": 88.76352223505152
        },
        {
            "shots": 16,
            "trials": [
                95.18799720732679
            ],
            "mean": 95.18799720732679
        },
        {
            "shots": 32,
            "trials": [
                98.249228786178
            ],
            "mean": 98.249228786178
        }
    ]
}