{
    "coco": [
        {
            "shots": 4,
            "trials": [
                81.81364083157217
            ],
            "mean": 81.81364083157217
        },
        {
            "shots": 8,
            "trials": [
                87.70270753859421
            ],
            "mean": 87.70270753859421
        },
        {
            "shots": 16,
            "trials": [
                91.65155019512792
            ],
            "mean": 91.65155019512792
        },
        {
            "shots": 32,
            "trials": [
                97.3102986521936
            ],
            "mean": 97.3102986521936
        }
    ]
}