{
    "coco": [
        {
            "shots": 4,
            "trials": [
                78.81758636783557
            ],
            "mean": 78.81758636783557
        },
        {
            "shots": 8,
            "trials": [
                80.64858792205865
            ],
            "mean": 80.64858792205865
        },
        {
            "shots": 16,
            "trials": [
                83.86128011719549
            ],
            "mean": 83.86128011719549
        },
        {
            "shots": 32,
            "trials": [
                86.74669891634697
            ],
            "mean": 86.74669891634697
        }
    ]
}