{
    "coco": [
        {
            "shots": 4,
            "trials": [
                75.59227536399669
            ],
            "mean": 75.59227536399669
        },
        {
            "shots": 8,
            "trials": [
                78.22805579087034
            ],
            "mean": 78.22805579087034
        },
        {
            "shots": 16,
            "trials": [
                80.95994402503027
            ],
            "mean": 80.95994402503027
        },
        {
            "shots": 32,
            "trials": [
                83.5092328096704
            ],
            "mean": 83.5092328096704
        }
    ]
}