{
    "coco": [
        {
            "shots": 4,
            "trials": [
                70.45965757707799
            ],
            "mean": 70.45965757707799
        },
        {
            "shots": 8,
            "trials": [
                73.9213376959543
            ],
            "mean": 73.9213376959543
        },
        {
            "shots": 16,
            "trials": [
                74.83950971842702
            ],
            "mean": 74.83950971842702
        },
        {
            "shots": 32,
            "trials": [
                77.00423070745724
            ],
            "mean": 77.00423070745724
        }
    ]
}