{
    "coco": [
        {
            "shots": 4,
            "trials": [
                78.40186133288225
            ],
            "mean": 78.40186133288225
        },
        {
            "shots": 8,
            "trials": [
                81.28535968562412
            ],
            "mean": 81.28535968562412
        },
        {
            "shots": 16,
            "trials": [
                84.93841738519757
            ],
            "mean": 84.93841738519757
        },
        {
            "shots": 32,
            "trials": [
                87.62310987557382
            ],
            "mean": 87.62310987557382
        }
    ]
}