{
    "coco": [
        {
            "shots": 4,
            "trials": [
                77.22765838397402
            ],
            "mean": 77.22765838397402
        },
        {
            "shots": 8,
            "trials": [
                80.16846851305458
            ],
            "mean": 80.16846851305458
        },
        {
            "shots": 16,
            "trials": [
                82.97936978371125
            ],
            "mean": 82.97936978371125
        },
        {
            "shots": 32,
            "trials": [
                85.01085418882927
            ],
            "mean": 85.01085418882927
        }
    ]
}