{
    "coco": [
        {
            "shots": 4,
            "trials": [
                76.13032859998431
            ],
            "mean": 76.13032859998431
        },
        {
            "shots": 8,
            "trials": [
                79.61197609737717
            ],
            "mean": 79.61197609737717
        },
        {
            "shots": 16,
            "trials": [
                82.14275136222165
            ],
            "mean": 82.14275136222165
        },
        {
            "shots": 32,
            "trials": [
                83.63150676096997
            ],
            "mean": 83.63150676096997
        }
    ]
}