{
    "coco": [
        {
            "shots": 4,
            "trials": [
                91.11935962668073
            ],
            "mean": 91.11935962668073
        },
        {
            "shots": 8,
            "trials": [
                98.23059755536003
            ],
            "mean": 98.23059755536003
        },
        {
            "shots": 16,
            "trials": [
                102.74799109616622
            ],
            "mean": 102.74799109616622
        },
        {
            "shots": 32,
            "trials": [
                106.24480972067917
            ],
            "mean": 106.24480972067917
        }
    ]
}