{
    "coco": [
        {
            "shots": 4,
            "trials": [
                69.0811250741339
            ],
            "mean": 69.0811250741339
        },
        {
            "shots": 8,
            "trials": [
                66.78107980536227
            ],
            "mean": 66.78107980536227
        },
        {
            "shots": 16,
            "trials": [
                65.7952583592827
            ],
            "mean": 65.7952583592827
        },
        {
            "shots": 32,
            "trials": [
                65.51937768345066
            ],
            "mean": 65.51937768345066
        }
    ]
}