{
    "coco": [
        {
            "shots": 4,
            "trials": [
                95.02760134635948
            ],
            "mean": 95.02760134635948
        },
        {
            "shots": 8,
            "trials": [
                97.21098362000639
            ],
            "mean": 97.21098362000639
        },
        {
            "shots": 16,
            "trials": [
                98.84325558328774
            ],
            "mean": 98.84325558328774
        },
        {
            "shots": 32,
            "trials": [
                98.61508418472867
            ],
            "mean": 98.61508418472867
        }
    ]
}