{
    "coco": [
        {
            "shots": 4,
            "trials": [
                81.86397416541081
            ],
            "mean": 81.86397416541081
        },
        {
            "shots": 8,
            "trials": [
                82.43582389991901
            ],
            "mean": 82.43582389991901
        },
        {
            "shots": 16,
            "trials": [
                84.7714882565825
            ],
            "mean": 84.7714882565825
        },
        {
            "shots": 32,
            "trials": [
                84.89435425573846
            ],
            "mean": 84.89435425573846
        }
    ]
}