{
    "coco": [
        {
            "shots": 4,
            "trials": [
                83.6075785807392
            ],
            "mean": 83.6075785807392
        },
        {
            "shots": 8,
            "trials": [
                90.52380263123828
            ],
            "mean": 90.52380263123828
        },
        {
            "shots": 16,
            "trials": [
                95.6586398574725
            ],
            "mean": 95.6586398574725
        },
        {
            "shots": 32,
            "trials": [
                100.86977370512471
            ],
            "mean": 100.86977370512471
        }
    ]
}