{
    "coco": [
        {
            "shots": 4,
            "trials": [
                81.09850292449127
            ],
            "mean": 81.09850292449127
        },
        {
            "shots": 8,
            "trials": [
                83.10664370857872
            ],
            "mean": 83.10664370857872
        },
        {
            "shots": 16,
            "trials": [
                86.3995019154921
            ],
            "mean": 86.3995019154921
        },
        {
            "shots": 32,
            "trials": [
                87.742616512584
            ],
            "mean": 87.742616512584
        }
    ]
}