{"coco": [{"shots": 16, "trials": [72.80977680480639], "mean": 72.80977680480639}]}