{
    "coco": [
        {
            "shots": 4,
            "trials": [
                68.74108867560807
            ],
            "mean": 68.74108867560807
        },
        {
            "shots": 8,
            "trials": [
                70.5798912986037
            ],
            "mean": 70.5798912986037
        },
        {
            "shots": 16,
            "trials": [
                72.67868562281173
            ],
            "mean": 72.67868562281173
        },
        {
            "shots": 32,
            "trials": [
                73.90412206161217
            ],
            "mean": 73.90412206161217
        }
    ]
}