{
    "coco": [
        {
            "shots": 4,
            "trials": [
                88.09513652479531
            ],
            "mean": 88.09513652479531
        },
        {
            "shots": 8,
            "trials": [
                95.70751593186031
            ],
            "mean": 95.70751593186031
        },
        {
            "shots": 16,
            "trials": [
                98.98049185819505
            ],
            "mean": 98.98049185819505
        },
        {
            "shots": 32,
            "trials": [
                102.12356357322956
            ],
            "mean": 102.12356357322956
        }
    ]
}