{
    "coco": [
        {
            "shots": 4,
            "trials": [
                79.91237884605708
            ],
            "mean": 79.91237884605708
        },
        {
            "shots": 8,
            "trials": [
                81.44245146248812
            ],
            "mean": 81.44245146248812
        },
        {
            "shots": 16,
            "trials": [
                85.85439766838128
            ],
            "mean": 85.85439766838128
        },
        {
            "shots": 32,
            "trials": [
                88.19344234285501
            ],
            "mean": 88.19344234285501
        }
    ]
}